article_thumbnail,article_url,article_category,article_autor_name,article_autho_url,ariticle_comments,article_summary,article_essay,article_publish_date,article_update_date
https://www.racefans.net/wp-content/uploads/2022/04/Sunday-at-ImolaXPB_1139879_HiRes-208x138.jpg,https://www.racefans.net/2022/05/02/lack-passing-imola-ricciardo-drs/,2022 Emilia-Romagna Grand Prix ,Keith Collantine,https://www.racefans.net/author/keithcollantine/,13,"Formula 1 cars still need DRS to overtake each other despite the changes made to allow cars to follow more closely this year, Daniel Ricciardo believes.","Formula 1 cars still need DRS to overtake each other despite the changes made to allow cars to follow more closely this year, Daniel Ricciardo believes.

Advert | Become a Supporter & go ad-free




Damp but drying conditions at the fourth race of the season at Imola gave some indication how closely cars could race each other without DRS and after it was activated. Race control gave the go-ahead for DRS to be used on lap 34, at which point several teams had already asked for it to be switched on.
Ferrari was one of them. As Charles Leclerc pursued the Red Bull drivers he was told on his radio his team had ‚Äúasked for‚Äù DRS but that the ‚Äúrace director thinks turn two off-line is wet‚Äù. The corner ‚Äì Tamburello ‚Äì was the scene of a high-speed crash in similar conditions during last year‚Äôs race after DRS was activated.
Ricciardo made an extra pit stop before DRS was activated and ran near the rear of the field. He believes that despite changes made to encourage overtaking this year, F1 cars still need DRS to race well.
‚ÄúDon‚Äôt get me wrong, the cars are better this year to follow, and there was a small improvement already [at Imola],‚Äù he said.
‚ÄúBut still, I don‚Äôt know, did anyone pass without it? You still need it. I know some people are not that much in favour of DRS these days, but I‚Äôm definitely still a DRS kind of person.‚Äù
DRS is still needed because cars don‚Äôt gain as much from following others on the straights this year, says Ricciardo.
‚ÄúYou can follow better, so you can definitely stay closer, but the slipstream effect is smaller than last year I feel, at least. So you do need DRS to make that straight-line advantage bigger. Although you can stay closer, you don‚Äôt get a crazy, crazy effect like maybe last year.
‚ÄúBut I think that probably changes track-to-track as well, depending on the size of wing cars are running. So I think it still needs it. Of course then you can shorten, length zones. They can play with the distance of DRS, but at least some distance is good.‚Äù
Advert | Become a RaceFans supporter and go ad-free




Some passes were made before DRS was activated. Leclerc took Lando Norris, Guanyu Zhou passed Mick Schumacher and Kevin Magnussen lost places to George Russell and Valtteri Bottas.
Albon passed Gasly without DRS and kept him behind despite itAlexander Albon also overtook Pierre Gasly without using DRS. But once DRS was activated it did not produce a sudden spate of extra passes. ‚ÄúFor whatever reason even with the DRS I don‚Äôt know for what reason but this year was very tough to pass,‚Äù the AlphaTauri driver remarked.
Albon believes the nature of the Imola track explains why little passing occured before or after DRS was activated.
‚ÄúI still think the cars are better for overtaking, better for for racing,‚Äù he said. ‚ÄúIt‚Äôs just this track‚Äôs quite tricky.
‚ÄúWe only have one DRS point. Of course it‚Äôs not great to always have DRS overtakes, but this track‚Äôs hard. There‚Äôs not really a place where you can brake late and overtake it‚Äôs all quite quick, which stops the overtaking.‚Äù
Last year Max Verstappen suggested Imola should have a second DRS zone on the downhill run to the penultimate corner, a few Albon backed.
‚ÄúI think we need a bit of a revision,‚Äù he said. ‚ÄúMaybe a DRS down the the straight before the last two corners or something as well. But it‚Äôs a tricky track this one.‚Äù
Advert | Become a RaceFans supporter and go ad-free




2022 F1 season
2022 Miami Grand Prix TV TimesShould Formula 1 adopt IndyCar‚Äôs deleted lap times rule for causing red flags in qualifying?F1 to trial new mandatory qualifying tyre compound rule in 2023No satisfaction in McLaren being quickest Mercedes-powered team at Imola ‚Äì SeidlFerrari plan ‚Äòmain upgrade soon after Miami‚ÄôBrowse all 2022 F1 season articles",2022-05-02 07:15:51+01:00,2022-05-02 10:41:17+01:00
https://www.racefans.net/wp-content/uploads/2022/04/racefansdotnet-21-04-19-07-53-37-3-208x138.jpg,https://www.racefans.net/2022/05/02/2022-miami-grand-prix-tv-times/,2022 Miami Grand Prix ,Keith Collantine,https://www.racefans.net/author/keithcollantine/,3,It‚Äôs race week! Formula 1 and W Series heads to Miami International Autodrome this weekend. Here‚Äôs how to watch the Miami Grand Prix and more.,"Join us on RaceFans Live throughout every session of the Miami Grand Prix weekend. Look out for the live page on the site during every session and follow all the action with your fellow RaceFans.
Here‚Äôs how to watch the 2022 Miami Grand Prix live in the UK and USA:
2022 Miami Grand Prix: Friday 6 May ‚Äì Sunday 8 May 2022
UK



Day
Session
Channel
Session starts
Session ends




Friday
Miami Grand Prix first practice live
Sky Sports F1
19:30
20:30


Friday
Miami Grand Prix second practice live
Sky Sports F1
22:30
23:30


Saturday
Miami Grand Prix third practice live
Sky Sports F1
18:00
19:00


Saturday
Miami Grand Prix W Series race one
Sky Sports F1
19:10
‚Äì


Saturday
Miami Grand Prix qualifying live
Sky Sports F1
21:00
‚Äì


Sunday
Miami Grand Prix qualifying highlights
Channel 4
08:30
‚Äì


Sunday
Miami Grand Prix W Series race two
Sky Sports F1
15:20
‚Äì


Sunday
Miami Grand Prix live
Sky Sports F1
20:30
‚Äì


Monday
Miami Grand Prix highlights
Channel 4
00:30
‚Äì


USA (Eastern)



Day
Session
Channel
Session starts
Session ends




Friday
Miami Grand Prix first practice live
ESPN2
14:30
15:30


Friday
Miami Grand Prix second practice live
ESPN News
17:30
18:30


Saturday
Miami Grand Prix third practice live
ESPN News
13:00
14:00


Saturday
Miami Grand Prix qualifying live
ESPN
16:00
‚Äì


Sunday
Miami Grand Prix live
ABC
15:30
‚Äì



Watch F1 live in the USA and other regions on F1 TV
RaceFans readers in the USA, the Netherlands, Mexico, France, Belgium and many other countries can watch all sessions live on F1 TV Pro.
As well as access to the live world feed you can watch onboard cameras and hear live team radio from all 20 drivers. And when you buy using the link below you also make a contribution to RaceFans! Find out more and sign up here:

Subscribe to watch all F1 sessions live on F1 TV Pro


	See here for F1 session schedules in your local time:

F1 Calendar by RaceFans

For details of coverage in your area see these links or share information in the comments:

How to watch F1 around the world

Other races this weekend
8/5/2022: GB3 round 5: Silverstone8/5/2022: GB3 round 6: Silverstone8/5/2022: GB4 round 8: Silverstone8/5/2022: GB4 round 9: Silverstone8/5/2022: French F4 round 5: Pau8/5/2022: French F4 round 6: Pau8/5/2022: Euroformula Open round 5: Pau8/5/2022: Formula Regional Europe round 4: Imola8/5/2022: Italian F4 round 2: Imola8/5/2022: Italian F4 round 3: Imola
7/5/2022: GB3 round 4: Silverstone7/5/2022: GB4 round 7: Silverstone7/5/2022: French F4 round 4: Pau7/5/2022: Euroformula Open round 4: Pau7/5/2022: Formula Regional Europe round 3: Imola7/5/2022: Italian F4 round 1: Imola
RaceFans earns a commission on products sold via the links to our affiliate partners above, however you are not charged any extra. See here for more information.
Find times for every F1 session this year and all the 2022 race dates with the RaceFans Google Calendar.
2022 Miami Grand Prix
2022 Miami Grand Prix TV TimesHorner expects Ferrari fightback in Miami after ‚Äúunlucky‚Äù weekend at ImolaMiami F1 track ‚Äú95% complete‚Äù ahead of first race next monthMiami Grand Prix sees ‚Äúhigh demand‚Äù as 275,000 apply for tickets‚ÄúUnique‚Äù Miami F1 track will be more than just a race in a car park ‚Äì MasiBrowse all 2022 Miami Grand Prix articles",2022-05-02 07:15:12+01:00,2022-05-01 19:25:23+01:00
https://www.racefans.net/wp-content/uploads/2022/04/racefansdotnet-21-04-22-18-46-35-23-208x138.jpg,https://www.racefans.net/2022/05/02/racefans-round-up-02-05-5/,RaceFans Round-up ,Will Wood,https://www.racefans.net/author/willwood/,4,In the round-up: Alfa Romeo expecting to be strong in Miami ‚Ä¢ IndyCar needs more ‚Äúbuzz‚Äù says Rossi ‚Ä¢ Evans ‚Äúlucky‚Äù to finish second in Monaco,"In the round-up: Alfa Romeo‚Äôs Xevi Pujolar believes the Miami circuit layout will suit their car during next weekend‚Äôs Miami Grand Prix

In brief
Alfa Romeo ‚Äúwill be strong‚Äù around Miami circuit, predicts Pujolar

Advert | Become a Supporter & go ad-free




Alfa Romeo‚Äôs head of trackside engineering, Xevi Pujolar, predicts that the Miami Grand Prix circuit will suit their car‚Äôs strengths next weekend.
The team currently sit fifth in the constructors‚Äô championship, having acquired 25 points over the first four rounds. Pujolar believes that the Miami circuit will suit the car better than Imola, where Valtteri Bottas scored their best result of the season so far with fifth.
‚ÄúWe expect to be stronger than in Imola,‚Äù Pujolar said. ‚ÄúI think the type of layout could maybe suit us a bit better.
‚ÄúNow we‚Äôve got an idea ‚Äì we‚Äôve got a layout in the simulator and everything ‚Äì but how actually it will look, we‚Äôll have to find out when we are there. So we‚Äôll see. It‚Äôs kind of a layout that I think we will be strong, but we‚Äôll have to see in terms of the tarmac and everything what actually what it will be. But everyone has a lot of expectation and for us now with the package and everything, fighting with Alpine and McLaren is very encouraging for us.‚Äù
IndyCar lacking ‚Äúbuzz‚Äù around racing ‚Äì Rossi
Alexander Rossi says IndyCar would benefit from creating more ‚Äúbuzz‚Äù around itself.
Speaking ahead of yesterday‚Äôs Grand Prix of Alabama at Barber, Rossi praised the quality of racing in IndyCar but said the series needs to create greater excitement around itself away from the track.
‚ÄúI think we all have to remember we are an entertainment property, ultimately,‚Äù said Rossi. ‚ÄúThat is what we are. That‚Äôs why we always talk about the show. That‚Äôs why we‚Äôre always interested in improving that with car updates. It‚Äôs talks and conversations we always have. I think IndyCar is aware of that.
‚ÄúI think the on-track product is not necessarily the issue, right? It‚Äôs creating that buzz around it that we lack, that we struggle in. I think that takes someone much smarter than me‚Ä¶ to figure out. 
Evans ‚Äúlucky‚Äù to take second after energy issues in Monaco
Mitch Evans says he and his Jaguar team were ‚Äúlucky‚Äù to finish second in the Monaco EPrix after he had to carry out more energy saving than he anticipated in the race.
Evans had started from pole position and lead the early laps until he had to back off to conserve energy. The Jaguar driver admits he ‚Äúgot a bit of a shock‚Äù after the team had figured out his energy level. 
‚ÄúWe had a clear strategy and obviously got the lead at the start,‚Äù Evans explained. ‚ÄúFor the first few laps, I was under-consuming. Everything for our plan was looking strong until we got the energies and got a bit of a shock when I when I heard I was down on energy.
‚ÄúIt was quite stressful and I think we recovered really well. I think to get second today we were very lucky. We‚Äôll analyse things ‚Äì obviously something‚Äôs gone wrong somewhere because the car felt fine, but just the efficiency and the energy wasn‚Äôt quite there.‚Äù

Advert | Become a RaceFans supporter and go ad-free





Social media
Notable posts from Twitter, Instagram and more:

Hometown! https://t.co/7O1lr13m9d
‚Äî Pietro Fittipaldi (@PiFitti) May 1, 2022


Looks like inclement weather is causing issues with the @IndyCar feed tonight from Alabama. @SkySportsF1 have switched over to commentary from London for the second time.
‚Äî Motorsport Broadcasting (@f1broadcasting) May 1, 2022


Awesome effort all weekend. You put everyone on notice this weekend.
‚Äî James Hinchcliffe (@Hinchtown) May 1, 2022


I spoke to one of the team members and they said GR did not go speak to RG ‚Ä¶ quote, ‚ÄúWould not have been a good situation‚Äù https://t.co/wZdjjowGE1
‚Äî Leigh Diffey (@leighdiffey) May 1, 2022


 










View this post on Instagram























A post shared by Christian Horner (@christianhorner)




Find more official F1 accounts to follow in the F1 Twitter Directory



Links
Motor racing links of interest:
Ayrton Senna's 10 defining moments (McLaren)""We take a look back at the 10 moments that defined Ayrton‚Äôs magical time at McLaren ‚Äì moments that tell the story of a man whose brilliance was spellbinding, and whose immense compassion and kindness belied his ruthlessness in the heat of battle.""
Max Verstappen and Charles Leclerc have ‚Äògenuine respect‚Äô in F1 title fight, says Christian Horner (Metro)""I think they‚Äôve grown up racing each other in karting and so on, and they know each other very well. They come from the same generation, and there is a genuine respect between the two of them.""
Iconic V16 Formula 1 car to be raced again at Goodwood (BBC)""The first new P15 V16 Mk1 car to be finished, which will be kept in the Owen family, was unveiled at Goodwood Revival in 2021, and did a few laps of the track for fans to enjoy. It is hoped one of the V16s will race at the motorsports event in September to celebrate the 60th anniversary of Graham Hill's 1962 F1 World title win.""
How winning the world championship made Verstappen a more potent driver than ever (Formula 1)""The Verstappen we are seeing now is better than he‚Äôs ever been before. Every time he gets behind the wheel, he looks more dangerous and potent than the race before.""
Euroformula Open round 3: Estoril (Euroformula Open via YouTube)

We always endeavour to credit original sources. If you have a tip for a link relating to single-seater motorsport to feature in the next RaceFans round-up please send it in via the contact form.

Advert | Become a RaceFans supporter and go ad-free





Comment of the day
This weekend‚Äôs Caption Competition winner is @fullcoursecaution!: 

‚ÄúMate, I wouldn‚Äôt want to find his biting point‚Ä¶‚Äù
Pat Ruadh
Some truly crocking caption attempts this weekend. We were swamped with snappy suggestions and it was great to see everyone sink their teeth into it. Thanks to all who came up with a caption idea this week and a special mention to RocketTankski, Diez Cilindros, Gilles Amon and Richard Hill who all came up with particularly good captions. 

Happy birthday!
Happy birthday to Adam Kibbey and Ruliemaulana!

On this day in motorsport

30 years ago today Nigel Mansell took pole position for the Spanish Grand Prix by over a second from Michael Schumacher, who claimed his first first row start",2022-05-02 00:01:00+01:00,2022-05-01 22:34:06+01:00
https://www.racefans.net/wp-content/uploads/2022/05/Pato-O039Ward-Honda-Indy-Grand-Prix-of-Alabama-By_-Joe-Skibinski_LargeImageWithoutWatermark_m54915-208x138.jpg,https://www.racefans.net/2022/05/01/oward-sweeps-around-veekay-to-seal-alabama-win/,IndyCar ,RJ O'Connell,https://www.racefans.net/author/rjoconnell89/,1,"Pato O‚ÄôWard got his first win of the season, while √Ålex Palou took the championship lead heading into the month of May at Indy.","Pato O‚ÄôWard won pole position for last year‚Äôs IndyCar Grand Prix of Alabama at Barber Motorsports Park, but gradually faded to third towards the end of the race as he struggled to manage his tyres.

Advert | Become a Supporter & go ad-free




One year later, the McLaren SP driver turned the tables on pole winner Rinus VeeKay, and won Sunday‚Äôs fourth round of the 2022 IndyCar Series ahead of defending champion √Ålex Palou.
The pivotal moment of the race came at the end of lap 61, when VeeKay and O‚ÄôWard pitted together from first and second position. VeeKay had been the dominant driver of the day, leading 57 laps. Exiting their stalls, VeeKay was still ahead of O‚ÄôWard as they rejoined the track.
But with a brilliant lunge around the outside of the turn five hairpin, O‚ÄôWard snatched the effective  lead of the race away from the Carpenter driver. Once the rest of the field made their final stops, O‚ÄôWard was in the lead by lap 64.
Palou made his final stop on lap 63 and was able to ‚Äòovercut‚Äô VeeKay into second place. While VeeKay eventually faded from reach of the top spot, Palou was able to stay within two seconds of the leader on a used set of the harder, primary tyres.
But unlike last year, when Palou overhauled O‚ÄôWard for the lead en route to the win, this time O‚ÄôWard had the measure of his rival and claimed victory by just under a second. It was an important win for the McLaren SP driver, turning around a poor start to the season which began with finishes of 12th and 15th, before improving to fifth at Long Beach. His first win of the season is the third of his career.
Second place for Palou but last year‚Äôs winner in the lead of the championship lead, heading into the Month of May at Indianapolis Motor Speedway, with 144 points. VeeKay will be disappointed after finishing third, but with his first podium since the Detroit GP race two, he has now fully bounced back from the training injury he suffered last June.
Will Power was the hard charger of the race, rising from 19th to finish fourth. He was on the move in the final stint, using a fresh set of alternate compound tyres to pass Scott Dixon and Scott McLaughlin. Dixon took fifth ahead of McLaughlin, who lies second in the championship after four races.
Romain Grosjean finished seventh after a heated on-track battle with Graham Rahal in the closing laps as the two bashed wheels while jockeying for position. Rahal ran out of fuel on the final tour, but was able to keep a place in the top 10, ahead of Alexander Rossi in ninth, and Colton Herta ‚Äì who spun trying to lunge past McLaughlin ‚Äì in tenth.
Grosjean and Herta were among a number of drivers who committed early to a three-stop strategy, but a full-course caution on lap 32 for Callum Ilott spinning off at the Museum corner complex (turn seven) proved detrimental to their chances of winning the race over those that opted for a two-stop strategy.
Another driver who tried the three-stop strategy was Josef Newgarden, who went into the weekend with the championship lead. He finished 13th after losing out to the likes of Herta and Grosjean over the second half of the race, and now slips to third in points.
The Grand Prix of Indianapolis is next on the calendar, taking place on Saturday, 14 May at the Indy road course.
Advert | Become a RaceFans supporter and go ad-free






Position
Car
Driver
Team
Engine



1
5
Pato O‚ÄôWard
McLaren SP
Chevrolet


2
10
Alex Palou
Ganassi
Honda


3
21
Rinus VeeKay
Carpenter
Chevrolet


4
12
Will Power
Penske
Chevrolet


5
9
Scott Dixon
Ganassi
Honda


6
3
Scott McLaughlin
Penske
Chevrolet


7
28
Romain Grosjean
Andretti
Honda


8
15
Graham Rahal
RLL
Honda


9
27
Alexander Rossi
Andretti
Honda


10
26
Colton Herta
Andretti
Honda


11
60
Simon Pagenaud
Meyer Shank
Honda


12
8
Marcus Ericsson
Ganassi
Honda


13
51
Takuma Sato
Coyne/RWR
Honda


14
2
Josef Newgarden
Penske
Chevrolet


15
30
Christian Lundgaard
RLL
Honda


16
7
Felix Rosenqvist
McLaren SP
Chevrolet


17
29
Devlin DeFrancesco
Andretti Steinbrenner
Honda


18
45
Jack Harvey
RLL
Honda


19
20
Conor Daly
Carpenter
Chevrolet


20
18
David Malukas
Coyne/HMD
Honda


21
6
Helio Castroneves
Meyer Shank
Honda


22
14
Kyle Kirkwood
Foyt
Chevrolet


23
4
Dalton Kellett
Foyt
Chevrolet


24
48
Jimmie Johnson
Ganassi
Honda


25
77
Callum Ilott
Juncos Hollinger
Chevrolet


26
11
Tatiana Calderon
Foyt
Chevrolet


Advert | Become a RaceFans supporter and go ad-free




IndyCar
VeeKay takes Alabama Grand Prix pole at BarberPower ‚Äúextremely lucky‚Äù to avoid serious crash after pit exit spin ‚Äì DixonParetta opts for trio of road and street races instead of Indy 500 return‚ÄúBizarre question‚Äù spurred Newgarden to beat Herta for first Long Beach winHerta rues ‚Äòstupid mistake‚Äô that led to Long Beach crashBrowse all IndyCar aticles",2022-05-01 20:29:10+01:00,2022-05-01 20:32:31+01:00
https://www.racefans.net/wp-content/uploads/2022/05/racefansdotnet-2022-05-01_122206_5-208x117.jpg,https://www.racefans.net/2022/05/01/moto-gp-22-the-official-moto-gp-game-reviewed/,Reviews ,Will Wood,https://www.racefans.net/author/willwood/,0,"Milestone have just secured the Moto GP game license until 2026, so how does the latest edition of the official Moto GP game hold up?","The 2022 Moto GP season has only just reached Jerez for the first of its many rounds held in Spain  and already fans of the series can enjoy the official 2022 Moto GP game on almost all the most popular formats.

Advert | Become a Supporter & go ad-free




Over the years, the Milestone-developed official Moto GP game series has steadily grown into perhaps the most underrated major licenced racing franchise on the market. Of course, hardcore Moto GP fans will have plenty of gripes about the series and some of the minutiae of the gameplay, but from the accessibility for newcomers, the depth of challenge offered by the handling model and the volume of content available, the Moto GP license has never been in better hands than with Milestone.
Just days ago, the series announced Milestone would continue to hold exclusive licencing rights for Moto GP games until 2026. So what‚Äôs new with Moto GP 22, the second edition of the game released on current-generation hardware and is the investment in a brand new entry worth it for those who already own Moto GP 21?
All the 2022 Moto GP class teams and riders are presentFor a start, it will come of little surprise to learn that Moto GP 22 is another evolutionary step in the series and not a dramatic reinvention on a whole new game engine. If you‚Äôve played any of the last few games, you‚Äôll find plenty familiar in this latest version.
All the teams and riders from this Moto GP season are present, including the new Indonesian Grand Prix circuit at Mandalika, but in typical fashion, the Moto 2 and Moto 3 classes have not yet been fully updated with all the rider liveries, helmet designs and rider images. As ever, those will be added post-launch in a free update.
On track, Moto GP offers the same kind of deep and rewarding handling model it has offered over the last few years. This is not an arcade game, but an authentic light-simulation game that can be surprisingly challenging to master if you‚Äôve never tried before. These machines are savage ‚Äì especially in the premier class. Asking too much of the bike at any point, under braking, throughout the corner, on exit, or by running onto the kerbs, can unsettle the bike and cause it to completely lose contact with the road, sending your rider hurtling through the air into the gravel.
Thankfully, there are plenty of assists available to make things less of an ordeal, but even with most of the riding assists enabled, you should not expect to be able to jump onto Marc Marquez‚Äôs Honda or Jack Miller‚Äôs Ducati and start throwing yourself around the track.
Braking has been modified to try and offer a little more forgiveness than last year, which could see the more powerful machines be very difficult to slow down effectively without riding aids. A new suspension model can make the bikes more predictable over kerbs and rumble strips, but do not confuse ‚Äòpredictable‚Äô to mean ‚Äòeasier‚Äô. New for this year, the adjustable ride height system allows you to optimise your drag on starts and out of corners with a touch of a button, even being able to pre-arm the system in a corner before it automatically activates on the straight.
Riding these bikes can be very challengingFor beginners, the helpful tutorial mode from last year‚Äôs game returns from 2021, teaching players all the basic and advanced mechanics in controlled tests. For those who want a bit more practice, there is now a new academy mode, which functions almost identically to the ‚Äòcircuit experience‚Äô mode in Gran Turismo 7. Breaking down each circuit into its sectors, you can tackle each sector of a track at a time, with bronze, silver and gold target times to aim for. It‚Äôs supposed to help you learn the circuits and improve your knowledge of every section of every circuit. However, it‚Äôs unlikely to really help those already experienced to learn anything new about their technique or help them improve their times.
New for this year is the so-called ‚ÄòRiding Analysis System‚Äô, which claims to help players improve their skills by offering feedback on their performance on track. However, this amounts to pop ups after races, simply suggesting that you might want to check out the tyre management tutorial simply because your tyre wear was high in your last race ‚Äì hardly the most helpful of feedback systems.
At the heart of the game, once again, is the managerial career mode. Remaining almost functionally identical to 2021, career mode allows you to create your rider and choose whether to start in Moto 3, Moto 2 or jump straight into the premier class. As you progress, you can create your own team and even start your own academy, making decisions about hiring and firing staff on the way and setting development paths for your bike on the way.
It‚Äôs certainly more detailed and deep an experience than many other racing games would provide, but it‚Äôs hard not to feel a sense of deja vu if you‚Äôve owned any of the previous two titles. What Moto GP lacks compared to the current Formula 1 series is a dynamic rider market and progression from junior categories for younger riders. Without that, it‚Äôs hard to feel as invested long term as you progress through the seasons. One welcome option this year however is the ability to choose shortened championship options, with fewer races in a year. A handy way to help enjoy the lower categories as you progress while helping to make sure the experience never feels dragged out if you lack the time to invest.
Nine Season guides players through the 2009 championshipHowever, the career mode is not the major focus of this latest game. Instead, Moto GP 22‚Äôs major headline feature is something no racing game has attempted to do before. In the Nine Season mode, Moto GP 22 offers players a unique lookback at one of the most memorable seasons in Moto GP history: 2009 ‚Äì Valentino Rossi‚Äôs seventh and final top class title winning season.
Presented as a cinematic retelling of the 2009 championship featuring heavy use of archive footage and a documentary-style narrator, Nine Season breaks down every race of that year‚Äôs championship into its key narratives and turns those into gameplay challenges for the player to complete as they navigate through the events of the season.
What could easily have been a half-baked addition to the game for marketing purposes is actually executed with genuine brilliance. It is clear how much effort and time has gone into the Nine Season mode, with the quality of the cutscenes and the way real life footage blends almost seamlessly into the gameplay making it a truly impressive experience. Even if you have no knowledge or little appreciation for the history of Moto GP, the mode does an excellent job of setting the scene of each race and making you invested in the characters ‚Äì arguably more effectively that Moto GP‚Äôs own ‚ÄòUnlimited‚Äô documentary series managed.
Hardcore fans of Rossi, Casey Stoner, Jorge Lorenzo and Dani Pedrosa will get the most enjoyment from reliving iconic moments through gameplay, but it is still deeply rewarding to go through a specific period in racing history and relive it through gameplay. It‚Äôs wise to wait until you‚Äôre more familiar with the game before jumping into Nine Season, as you‚Äôll be thrown into racing scenarios and expected to catch rivals or pull gaps on bikes behind on circuits and bikes that you may be completely unfamiliar with. But this is a far more meaty and substantial mode than what many could have expected and far more rewarding a journey to go through than say, F1 2021‚Äôs Braking Point mode.
As well as the Nine Season narrative mode, Moto GP 22 also includes every rider, bike and circuit from the 2009 season to race with in any of the non-career single player modes. With many historic bikes and riders from previous games returning in this year‚Äôs game, there can be few complaints about the volume of content available in the game.
Customisation remains unchanged from 2021As ever, the customisation features from the previous few games return, but it‚Äôs still a little disappointing to have no freedom to completely design your bike livery from scratch √† la GT7 or Forza. 
The game looks and sounds as pleasant as ever, making impressive use of the Unreal engine with colourful, bright image quality that the photo mode makes great use of. The use of the old Dorna TV graphics package for the Nine Season mode is an especially nice touch, while the menus and HUD feel slick and modern taking heavy inspiration from the sport‚Äôs current visual branding.
The answer to the overall question of whether Moto GP 22 is worth a full-price purchase is as ever dependent on how much of a hardcore Moto GP fanatic you are. But with all the content of 2021, small handling refinements and the addition of the super Nine Season mode to play through, it‚Äôs easy to recommend Moto GP 22 to anyone interested in picking up a Moto GP game for the first time.
With Milestone owning the rights to the Moto GP licence for the next few years, it will be exciting to see where this talented Italian development team take the series into the future.
RaceFans rating

Become a RaceFans Supporter
RaceFans is run thanks in part to the generous support of its readers. By contributing ¬£1 per month or ¬£12 per year (or the same in whichever currency you use) you can help cover the costs of creating, hosting and developing RaceFans today and in the future.
Become an RaceFans Supporter today and browse the site ad-free. Sign up or find out more via the links below:

Become a RaceFans Supporter
RaceFans Supporter FAQ

Moto GP 22
Author: Milestone
Publisher: Milestone
Published: April 2022
Platforms: PlayStation 5, PlayStation 4, XBox Series X/S, Xbox One, PC, Nintendo Switch
Price: ¬£59.99
Reviews
‚ÄúMonster Energy Supercross 5‚Äù: official game reviewed (PS5 ‚Äì Xbox S|X)‚ÄúFormula Helmet: The Glorious Years of Formula 1 Helmets 1969-99‚Äù: book reviewed‚ÄúAssetto Corsa Competizione‚Äù ‚Äì PS5 and Xbox Series S|X upgrade review‚ÄúMax ‚Äì The Dutch Master‚Äù: Verstappen biography reviewedGran Turismo 7: The first ‚ÄòReal Driving Simulator‚Äô for nine years reviewedBrowse all Reviews",2022-05-01 16:00:59+01:00,2022-05-02 09:36:43+01:00
https://www.racefans.net/wp-content/uploads/2022/04/racefansdotnet-21-04-22-13-10-40-4-208x138.jpg,https://www.racefans.net/2022/05/01/racefans-round-up-01-05-5/,RaceFans Round-up ,Will Wood,https://www.racefans.net/author/willwood/,18,"In the round-up: ‚ÄòI have to get on Albon‚Äôs level‚Äô, accepts Latifi ‚Ä¢ Monaco double DNF a ‚Äúbitter day‚Äù for Porsche ‚Ä¢ IndyCar drivers welcome Miami F1 race","In the round-up: Nicholas Latifi says he knows he needs to get on the same level as team mate Alex Albon

In brief
‚ÄòI have to get on Albon‚Äôs level‚Äô, accepts Latifi

Advert | Become a Supporter & go ad-free




Nicholas Latifi says he knows he needs to get on the same level of performance as Williams team mate Alex Albon.
Latifi currently sits bottom of the drivers‚Äô championship, one of only two drivers yet to score their first point of the season. He admits he is struggling with a lack of confidence in car ‚Äì even on the straights. 
‚ÄúIt‚Äôs everywhere,‚Äù Latifi said. ‚ÄúAs soon as you‚Äôre not flat out through the straights, that‚Äôs when it starts.
‚ÄúObviously Alex is clearly more comfortable with the car. I mean, regardless of the pace of the car, we know we‚Äôre missing downforce. We know we‚Äôre struggling with balance issues ‚Äì this is clear. But he‚Äôs doing a better job in managing it, so I have to get to that level.
‚ÄúFor me, it is just a pure feel and confidence thing with the car. It‚Äôs not a driving style ‚Äì [that] I‚Äôm braking too late, not carrying enough mid speed, this and that. If you don‚Äôt feel the confidence in the car, you can‚Äôt begin to work on the more technical aspects when you eventually, will have to work on those things.‚Äù
Monaco double DNF a ‚Äúbitter day‚Äù for Porsche
Porsche Formula E director Florian Modlinger said Porsche‚Äôs double retirement in the Monaco EPrix marked a ‚Äúbitter day‚Äù for the team.
Pascal Wehrlein had been leading the race until he suddenly lost power to the car, with his team unable to radio to their driver. After a Safety Car, Andre Lotterer‚Äôs race ended in the Sainte Devote barriers following contact with Oliver Rowland.
‚ÄúThis is a bitter day for the team,‚Äù said Modlinger. ‚ÄúAfter a very good first half, Pascal was leading the field only to have a technical defect throw him out of contention. We now have to analyse what happened.
‚ÄúThe drivers and the team put in a strong qualifying performance and a promising start to the race, but unfortunately weren‚Äôt rewarded in the end.‚Äù
IndyCar drivers excited for Miami Grand Prix
IndyCar drivers Alexander Rossi, Colton Herta and Callum Ilott all say they are excited for Formula 1‚Äôs first ever Miami Grand Prix next weekend.
‚ÄúI think it‚Äôs going to be awesome,‚Äù said Rossi. ‚ÄúI‚Äôm just excited for Formula 1 and America, honestly. It‚Äôs been a long time coming to have multiple races in the States. It‚Äôs a big country. There‚Äôs no reason not to have three. 
Herta said that it was ‚Äúreally good‚Äù to see Formula 1 growing in the USA, while Ilott thinks the event will draw a large crowd despite the high ticket prices.
‚ÄúWith the amount of people that turned up to COTA last year, I think Miami will be quite a spectacle and a half, even aside from the on-track stuff,‚Äù said Ilott. ‚ÄúI have no idea where the track goes. The rest of it should be a great venue for a lot of people. Just expensive.‚Äù

Advert | Become a RaceFans supporter and go ad-free





Social media
Notable posts from Twitter, Instagram and more:

Not a bad view üòé #MonacoEPrix pic.twitter.com/C01JRA8rAC
‚Äî Claire Cottingham (@Cla_Cottingham) April 30, 2022


Hey, @Charles_Leclerc! üëã
We hope you enjoyed the race üòâ
üá≤üá® 2022 #MonacoEPrix pic.twitter.com/rarOqMnug9
‚Äî ABB FIA Formula E World Championship (@FIAFormulaE) April 30, 2022


RB7‚Ä¶ ùò¢ùò¥ùò¥ùò¶ùòÆùò£ùò≠ùò¶! üõ† pic.twitter.com/g71tHN7t4E
‚Äî Oracle Red Bull Racing (@redbullracing) April 30, 2022


Why am I just now learning about f1 ü§¶üèæ‚Äç‚ôÇÔ∏è
‚Äî DIGGS (@stefondiggs) April 29, 2022


 










View this post on Instagram























A post shared by Paul Ripke (@paulripke)




Find more official F1 accounts to follow in the F1 Twitter Directory



Links
Motor racing links of interest:
Toto Talks Mental Health, Motivation and More on the Leadership 2050 Podcast (Mercedes)""I've been in dark places quite a few times and it doesn't last a day or a week, it can go on for months. But that will make you so much stronger because there was so much introspection, so much analysis about your life. This sensitivity that is being given to you, that felt like a burden, can actually be a superpower.""
John Elkann: Cultural shift behind Ferrari's 2022 success (Formula 1)""Lawrence Barretto in conversation with John Elkann, chairman of Ferrari.""
Two Hard Rock Stadium workers burned while working on coming Formula 1 event, officials say (Miami Herald)""A Hard Rock Stadium spokesperson said an electrical incident, not an explosion, had occurred when work was being done for the race events from May 6 to 8. The workers did not suffer life-threatening injures, the spokesperson said.""
The British Superbike champion trying to overcome 150mph crash and join Lewis Hamilton in motorsport royalty (TalkSport)""Hamilton is probably the best and biggest British motorsport athlete of all-time. To have my name up there in the future would be amazing.""
 F1‚Äôs Nicholas Latifi gears up for Miami, dishes on travels off track (NY Post)""Our team has been good going into new tracks, getting on top of what we need to do and how to optimize the car. It‚Äôs going to be a good opportunity for us hopefully. At the same time, we have to be realistic. We‚Äôre not in the position we want to be. But it doesn‚Äôt take away from the excitement of arriving in Miami to experience a brand-new event.""
Formula One star Daniel Ricciardo‚Äôs family business damaged in accidental blaze (The West Australian)""The family of famous Formula One racing driver Daniel Ricciardo have been hit with a hefty damage bill after a fire ripped through their Malaga factory. Ricciardo Earthmoving, owned by the Italian-Australian driver‚Äôs dad, Joe Ricciardo, went up in flames on Thursday.""
Job: Junior Graphic Designer (Alpine)""Alpine F1 Team are looking for a Junior Graphic Designer to work in our small but superb team of in-house designers. You will be expected to create content across multiple touchpoints, for use with the Race Team, the Commercial team and the wider Alpine F1 Team environment.""
Formula E round 6: Monaco (Formula E via YouTube)

Euroformula Open round 1: Estoril (Euroformula Open via YouTube)

We always endeavour to credit original sources. If you have a tip for a link relating to single-seater motorsport to feature in the next RaceFans round-up please send it in via the contact form.

Advert | Become a RaceFans supporter and go ad-free





Comment of the day
After this week‚Äôs poll asked whether F1 should adopt IndyCar‚Äôs approach to red flags in qualifying, a typically insightful contribution from @gt-racer‚Ä¶

This is actually something F1 has looked at adopting in the past but which they ultimately feel there is no real need for as the belief is they have enough data & analysis tools available to them now (As well as what teams are able to do to compile & present additional data) that it‚Äôs easy to see when something is done intentionally and when it was a simple mistake.
Indycar feel the need to have the lap time deletion as they don‚Äôt have access to the same amount of data or have the same sort of analysis tools available to them (Or the teams) so it‚Äôs much more difficult to judge if certain things were intentional or not.
It‚Äôs something they have had since the 90‚Äôs in different forms & something that was introduced at a time when they didn‚Äôt always have TV coverage of qualifying, Didn‚Äôt have much data from the cars and where only a few cars carried onboard cameras. Back then judging incidents in qualifying was next to impossible so this came about as a deterrent. As coverage of qualifying & data available has got to where it is now, It‚Äôs probably something they wouldn‚Äôt introduce if it wasn‚Äôt already a thing as it‚Äôs less needed than it once was.
@gt-racer


Happy birthday!
Happy birthday to Ivan!

On this day in motorsport

On this day in 1972 Emerson Fittipaldi won the Spanish Grand Prix at Jarama",2022-05-01 00:01:00+01:00,2022-05-01 00:36:51+01:00
https://www.racefans.net/wp-content/uploads/2022/04/Rinus-VeeKay-Honda-Indy-Grand-Prix-of-Alabama-By_-Chris-Owens_LargeImageWithoutWatermark_m54689-208x138.jpg,https://www.racefans.net/2022/04/30/veekay-takes-alabama-grand-prix-pole-at-barber/,IndyCar ,RJ O'Connell,https://www.racefans.net/author/rjoconnell89/,4,"Rinus VeeKay took pole position for the Grand Prix of Alabama at Barber Motorsports Park, as Josef Newgarden will start only seventh.","Rinus VeeKay took pole position for the Grand Prix of Alabama at Barber Motorsports Park, as Josef Newgarden, the current IndyCar championship leader, missed the final stage of qualifying and will start seventh.

Advert | Become a Supporter & go ad-free




VeeKay started the day off with the fastest time in the second practice session. After advancing through rounds one and two, VeeKay leapt over defending race winner √Ålex Palou to claim his first pole in over a year, setting a fastest lap of 1‚Äô06.251 around the 3.8 kilometre circuit.
Despite a small mistake at the start of his final flying lap, McLaren SP driver Pato O‚ÄôWard still went quick enough to qualify second, sharing the front row with VeeKay. Palou will start third as he looks for his first win of the year ‚Äì from the same position that he won from last year at this venue, no less ‚Äì next to St. Petersburg GP winner Scott McLaughlin in fourth.
Alexander Rossi was unsure if he‚Äôd even be able to run in qualifying after a crash in second practice, but he made it all the way into Fast Six qualifying and will start fifth, next to Felix Rosenqvist in sixth.
Newgarden, the points leader and a three-time winner at Barber Motorsports Park, will start seventh next to Romain Grosjean in eighth, Graham Rahal in ninth, and Colton Herta ‚Äì the fastest driver in Friday‚Äôs first practice session ‚Äì in tenth.
Callum Ilott and Juncos Hollinger Racing advanced to the second round of qualifying for the first time; Ilott will start eleventh as the top rookie, ahead of Marcus Ericsson, who spun off into the gravel at turn nine at the end of round two qualifying, and brought out a red flag as the timer hit zero, resulting in the deletion of his fastest lap.
Further back in the field, Scott Dixon will start 13th as he vies for his first win at the circuit, and Will Power, a four-time pole winner at Barber, starts down in 19th place.
Sunday‚Äôs Grand Prix of Alabama will run over 90 laps. The green flag will fly at 6.15pm UK time.
Grand Prix of Alabama qualifying results:


Position
Car
Driver
Team
Engine



1
21
Rinus VeeKay
Carpenter
Chevrolet


2
5
Pato O‚ÄôWard
McLaren SP
Chevrolet


3
10
Alex Palou
Ganassi
Honda


4
3
Scott McLaughlin
Penske
Chevrolet


5
27
Alexander Rossi
Andretti
Honda


6
7
Felix Rosenqvist
McLaren SP
Chevrolet


7
2
Josef Newgarden
Penske
Chevrolet


8
28
Romain Grosjean
Andretti
Honda


9
15
Graham Rahal
RLL
Honda


10
26
Colton Herta
Andretti
Honda


11
77
Callum Ilott
Juncos Hollinger
Chevrolet


12
8
Marcus Ericsson
Ganassi
Honda


13
9
Scott Dixon
Ganassi
Honda


14
30
Christian Lundgaard
RLL
Honda


15
45
Jack Harvey
RLL
Honda


16
6
Helio Castroneves
Meyer Shank
Honda


17
51
Takuma Sato
Coyne/RWR
Honda


18
18
David Malukas
Coyne/HMD
Honda


19
12
Will Power
Penske
Chevrolet


20
29
Devlin DeFrancesco
Andretti Steinbrenner
Honda


21
14
Kyle Kirkwood
Foyt
Chevrolet


22
20
Conor Daly
Carpenter
Chevrolet


23
4
Dalton Kellett
Foyt
Chevrolet


24
60
Simon Pagenaud
Meyer Shank
Honda


25
11
Tatiana Calderon
Foyt
Chevrolet


26
48
Jimmie Johnson
Ganassi
Honda",2022-04-30 18:42:44.333333248+01:00,2022-04-30 19:36:43+01:00
https://www.racefans.net/wp-content/uploads/2022/04/racefansdotnet-2022-05-01_120848-208x138.jpg,https://www.racefans.net/2022/04/30/vandoorne-beats-evans-to-take-monaco-eprix-win-and-championship-lead/,Formula E ,Will Wood,https://www.racefans.net/author/willwood/,14,Stoffel Vandoorne won his first EPrix of the season in Monaco to take the Formula E championship lead by holding off Mitch Evans.,"Stoffel Vandoorne won his first EPrix of the season in Monaco to take the Formula E championship lead by holding off Mitch Evans.

Advert | Become a Supporter & go ad-free




Vandoorne rose from fourth on the grid to take the lead of the race, using his strong clean air pace to his advantage after Pascal Wehrlein retired from the front of the field with a mechanical problem.
The Mercedes pulled away out of the reach of Evans who used Attack Mode to try and chase down Vandoorne in the final laps. Jean-Eric Vergne claimed third place for Techeetah.
At the start, polesitter Mitch Evans led away ahead of Pascal Wherlein in second, with Jean-Eric Vergne behind them in third as the field made their way around the Monte Carlo streets for the first time. Sam Bird lost seven places at the start, while Jake Dennis managed to gain three.
The field ran in an relatively orderly fashion over the opening ten minutes, with only Nick Cassidy stepping out of the large queue to be the first driver to take attack mode from near the back of the field.
Antonio Felix da Costa took his first attack mode from 11th place, using it to pass Oliver Rowland and Jake Dennis once they took attack mode the following lap. Further back, Bird retired from the race after reporting wishbone damage on his Jaguar.
Back out front, Evans was still leading, but Wehrlein starting pressuring the leader, trying a half-hearted look to the outside into the harbour chicane. Evans was able to fend him off and retain the lead.
Vergne was the first of the leaders to take attack mode, dropping from third to sixth behind Lucas di Grassi and Robin Frijns. Vergne charged past Frijns into fifth up the hill after Sainte Devote, before passing Di Grassi for fourth at the chicane half a lap later.
Evans eventually took his first attack mode just before half distance, gifting the lead to Wehrlein dropping behind Vergne in third, as Stoffel Vandoorne and Di Grassi did the same. A lap later, Wehrlein took his first attack mode, only just falling behind Evans in third and allowing Vergne into the lead.
Despite both Evans and Wehrlein having the benefit of attack mode, the Porsche passed the Jaguar to move up into second place and immediately began pressuring Vergne for the lead. Coming out of the tunnel, Wehrlein used his extra speed to drive around Vergne into the lead of the race, while Vandoorne demoted Evans down to fourth.
Suddenly, Wehrlein began slowing approaching the Fairmont Hotel Hairpin, pulling to the side of the track as Vergne took the lead of the race. Vergne took his second attack mode on the following lap, allowing Vandoorne into first position. But Wehrlein had come to a stop at the exit of the tunnel, causing a brief Full Course Yellow while the Porsche was recovered.
After the session restarted, Oliver Rowland and Andre Lotterer collided while fighting into Sainte Devote, with both cars clattering into the barriers, putting Lotterer out on the sport and forcing Rowland to pull off the circuit further around the lap. The Safety Car was deployed, but Vandoorne took his second attack mode and managed to retain the lead of the race, his attack mode time draining away as he sat behind the Safety Car.
The race restarted with under ten minutes of regulation race time remaining, with Vandoorne leading Evans and Vergne. Evans was the only driver in the top four positions yet to take his second attack mode. He eventually did with just over five minutes of standard race time remaining, dropping to fourth behind Frijns.
Evans used his greater power to first drive around Frijns into fourth, before doing the same to Vergne for second a lap later. The Jaguar driver had only a minute of attack mode remaining to try and catch Vandoorne in the lead, but was unable to bridge the gap to the Mercedes out front.
Vandoorne managed to hold his advantage and use up the additional race time to cross the line with less than one percent of energy remaining and take the chequered flag, a handful of seconds ahead of Mitch Evans. The Mercedes driver also secured the championship lead with his victory.
Jean-Eric Vergne took the final place on the famous Monaco podium in third, ahead of Robin Frijns in fourth. Da Costa took fifth for Techeetah, with Di Grassi in sixth for local team Venturi. Nick Cassidy took seventh for Envision, with Sebastian Buemi moving up from the rear of the grid to finish in eighth.
Jake Dennis and Nyck de Vries rounded out the points positions in ninth and tenth, respectively.
2022 Monaco EPrix race results


Position
Car
Driver



1
Stoffel Vandoorne
Mercedes


2
Mitch Evans
Jaguar


3
Jean-Eric Vergne
DS Techeetah


4
Robin Frijns
Envision


5
Antonio Felix da Costa
DS Techeetah


6
Lucas di Grassi
Venturi


7
Nick Cassidy
Envision


8
Sebastien Buemi
Nissan EDAMS


9
Jake Dennis
Andretti


10
Nyck de Vries
Mercedes


11
Alexander Sims
Mahindra


12
Dan Ticktum
Nio


13
Sergio Sette Camara
Dragon Penske


14
Antonio Giovinazzi
Dragon Penske


15
Oliver Turvey
Nio


16
Oliver Askew
Andretti


17
Max Guenther
Nissan EDAMS


DNF
Edoardo Mortara
Venturi


DNF
Oliver Rowland
Mahindra


DNF
Andre Lotterer
Porsche


DNF
Pascal Wehrlein
Porsche


DNF
Sam Bird
Jaguar


Formula E
Vandoorne beats Evans to take Monaco EPrix win and championship leadFormula E reveals new, lighter and more powerful ‚ÄòGen3‚Äô carEvans claims clean sweep of Rome EPrix victories with late Attack Mode chargeEvans wins breathless first Rome EPrix from ninth on the gridThe steps Formula E must take to recapture its audience
Browse all Formula E articles",2022-04-30 15:14:50+01:00,2022-05-01 12:13:13+01:00
https://www.racefans.net/wp-content/uploads/2022/04/racefansdotnet-21-04-22-18-45-51-25-208x138.jpg,https://www.racefans.net/2022/04/30/should-formula-1-adopt-indycars-deleted-lap-times-rule-for-causing-red-flags-in-qualifying/,Debates and polls ,Will Wood,https://www.racefans.net/author/willwood/,43,Should Formula 1 consider adopting IndyCar‚Äôs rule of deleting the two best lap times of drivers who cause red flags in qualifying? Have your say.,"Last weekend‚Äôs Emilia-Romagna Grand Prix was the first sprint weekend of the 2022 Formula 1 season, seeing qualifying take place on Friday evening rather than the traditional Saturday.

Advert | Become a Supporter & go ad-free




In a qualifying session affected by rain across all three stages, the red flags were shown on a record five separate occasions ‚Äì the most ever in a single three stage qualifying session since the format was introduced back in 2006.
However, rather than those responsible for triggering the red flag stoppages having their qualifying ruined by being the cause of a red flag, multiple drivers appeared to benefit from halting the session due to their own mistakes.
Carlos Sainz Jnr‚Äôs crash at the second Rivazza in Q2 may have put a stop to his qualifying, but it also effectively ended the entire second segment of the session as the rain began to fall during the subsequent red flag period that followed. With Sainz sitting second in the times when he spun, he effectively guaranteed his progression into Q3 and a starting position for the sprint race of at least tenth, while dooming those outside the top ten at the time to be eliminated.
In Q3, Sergio Perez and Charles Leclerc were in the middle of what should have been their first timed laps of the final session when Kevin Magnussen slid off the track at Acque Minerali, causing the session to be stopped. However, Magnussen managed to avoid being beached in the gravel and pulled his car onto an access road at the end of the gravel trap, turning his car around before returning safely to the pits under the red flag. He would eventually rejoin the session and qualify fourth.
Magnussen took fourth in Imola qualifying despite causing a red flagIn the closing minutes of Q3 after another red flag for Valtteri Bottas stopping on circuit with an exhaust problem, Lando Norris spun on his out lap at the same part of Acque Minerali that Magnussen had spun earlier, prompting the fifth and final red flag that effectively ended qualifying. But with Norris in a provisional third place before the session had been restarted, his error meant he had effectively secured himself third on the grid for the sprint race.
The results of the heavily disrupted session led to heavy discussion among fans on social media, with many arguing that there should be penalties to prevent drivers from causing red flags in qualifying without any disadvantage, when the laps of all other drivers on the circuit are affected by them.
The example of Charles Leclerc taking pole position for his home grand prix in Monaco in 2021 after crashing at the exit of the Swimming Pool also stands out as a case of a driver‚Äôs mistake actually benefiting them by denying their rivals a chance to beat their previous times.
In IndyCar, however, a very different approach is taken to red flags that occur during qualifying compared to that used in Formula 1.
In the 2022 IndyCar Series rulebook, rule 8.3.4 states that ‚Äúif a car causes a Red Condition [red flag] in any segment, the car‚Äôs best two timed laps of the segment shall be disallowed.‚Äù The rule also states that a driver who causes a red flag in a qualifying session cannot continue in the session and also may not be allowed to advance to the next stage of qualifying should their times be fast enough after their best two times are deleted.
So should Formula 1 consider emulating IndyCar in its approach to red flags in qualifying by deleting the two best lap times of drivers responsible for sessions being suspended?


For
The Norris incident at the end of Q3 in Imola is possibly the greatest example that could be used to argue for the introduction. By bringing out a red flag by spinning on his out lap, Norris prevented any of his rivals from being able to improve their times at the end of Q3 ‚Äì not only denying Charles Leclerc an opportunity to challenge for pole position, but preventing anyone from taking his third position away.
Drivers in Formula 1 should not be rewarded for mistakes ‚Äì especially not during the ultimate test of speed that is qualifying. By deleting the two best lap times for any driver deemed responsible for causing a red flag in a qualifying session, F1 would help to ensure that there are no ways to benefit from making a major mistake, or, even worse, exploiting the rules by deliberately trying to create a stoppage.


Against
The most important thing about red flags in any session is safety. A red flag should be called to ensure that any hazard on the race track can be dealt with promptly and safely without asking marshals to go out onto a live race track during the point where drivers will be at their fastest all weekend. If a driver is able to get going again after a spin or crash and rejoin a session, they should not be prevented from doing so as that in itself is an achievement.
There‚Äôs also the fact that in qualifying, drivers get 18, 15 and then 12 minutes in which to secure their place in the next session and their grid position. If a driver causes a red flag in the final moments of a session and prevents rivals from beating them, they likely had plenty of time prior to the stoppage to have set the quickest lap time they could instead of at the very end of a session.


I say

What seems to be a very easy and simple solution to a problem perhaps needs a bit more thought before it‚Äôs applied to Formula 1.
While cancelling lap times of drivers who cause red flags with ensure no one who crashes in qualifying will benefit from it, it also does not provide drivers who have had to abandon laps due to red flags with their laps back or with the session time lost as a result.
There‚Äôs also the question of whether the risk of losing two best lap times in a session will be too much of a deterrent in qualifying ‚Äì especially with all the barrier-lined street circuits on the current calendar. Will drivers truly give 100% in those last-gasp Q3 laps in places like Monaco or Baku, where just a slight misjudgement can see them into the barriers and losing not just a chance at pole position, but their two best times too?
There‚Äôs certainly an argument to make that by taking away drivers‚Äô best laps when they cause red flags, any risk of drivers trying to manipulate results in their favour by causing any deliberate hazards on the track.
Finally, there‚Äôs also the possibility that a driver will lose a well-earned position in qualifying due to a mechanical problem with their car causing a red flag through not fault of the driver ‚Äì such as Alex Albon‚Äôs exploding brakes in Imola.
There is definitely a discussion to be had about preventing drivers from crashing their way to success in qualifying, but maybe a compromise solution would be better than adopting the current IndyCar rule like-for-like.







You say

Do you agree that Formula 1 should introduce IndyCar's 'two lap times deleted' red flag qualifying rule?
Strongly agree (22%)
Slightly agree (26%)
Neither agree nor disagree (3%)
Slightly disagree (12%)
Strongly disagree (37%)
No opinion (1%)
Total Voters: 113


¬†Loading ...
A RaceFans account is required in order to vote. If you do not have one, register an account here or read more about registering here. When this poll is closed the result will be displayed instead of the voting form. 
Debates and polls
Were stewards right to penalise Stroll‚Äôs weaving in Australian GP?Should F1 and its teams lift the cap of 24 grands prix in a season?Which F1 drivers will beat their team mates in 2022?Will F1‚Äôs rules revolution succeed? 20 questions for the 2022 seasonWhich F1 team has the best looking car for 2022?Browse all debates and polls",2022-04-30 18:42:44.333333248+01:00,2022-04-30 14:03:55+01:00
https://www.racefans.net/wp-content/uploads/2022/04/racefansdotnet-2021-12-10_112957-208x138.jpg,https://www.racefans.net/2022/04/30/caption-competiton-185/,Caption Competition ,Will Wood,https://www.racefans.net/author/willwood/,71,Sergio Perez met an unusual road hazard in Florida ahead of the Miami Grand Prix. Can you come up with the best caption for this picture?,"Ahead of next weekend‚Äôs Miami Grand Prix, Sergio Perez took an old Red Bull RB7 for a tour of the tropical state of Florida.
Touring the Everglades, he came across this peculiar obstacle blocking the road along with professional wakeboarder Parks Bonifay.
Can you come up with the best caption for this picture? Post your funniest suggestion in the comments below. 
A selection of the best will feature in a future edition of the RaceFans Round-up. 
Caption Competition
Caption Competition 184: Bricking itCaption Competition 183: Guest of HornerCaption Competition 182: McLaren‚Äôs one-man armyCaption Competition 181: Rush hour trafficCaption competition 180: Sizing it up
Browse all Caption Competitions",2022-04-30 18:42:44.333333248+01:00,2022-04-30 10:00:22+01:00
https://www.racefans.net/wp-content/uploads/2022/04/racefansdotnet-2022-04-29_164150-208x138.jpg,https://www.racefans.net/2022/04/30/racefans-round-up-30-04-5/,RaceFans Round-up ,Will Wood,https://www.racefans.net/author/willwood/,41,"In the round-up: Sainz apology important, says Ricciardo ‚Ä¢ McLaren understand strengths of car ‚Ä¢ Drive to Survive series for IndyCar would be ‚Äúamazing‚Äù ‚Äì Palou","In the round-up: Daniel Ricciardo says it was important for him to apologise to Carlos Sainz Jnr after their lap one clash at Imola and ‚Äòclean the slate‚Äô with the Ferrari driver

In brief
Sainz apology important to ‚Äòclean the slate‚Äô says Ricciardo

Advert | Become a Supporter & go ad-free




Daniel Ricciardo says it was important for him to apologise to Carlos Sainz Jnr after their lap one clash at Imola and ‚Äòclean the slate‚Äô with the Ferrari driver.
The pair collided at the first turn in the Emilia-Romagna Grand Prix, knocking Sainz out of the race and leaving Ricciardo with diffuser damage that hampered him the entire race. After the race, Ricciardo visited the Ferrari hospitality suite to apologise in person to Sainz for the contact.
Speaking on an appearance on The Daily Show with Trevor Noah, Ricciardo said it was important for him to make sure there would be no hard feelings between the pair moving forward through the rest of the season.
‚ÄúI hated every second of the apology!,‚Äù Ricciardo told host Trevor Noah. ‚ÄúI guess probably with experience, being in it for so long, I have the maturity, I guess, to know now how much we all put into it. And as competitive as we are, we all have something strongly in common.
‚ÄúThere‚Äôs only 20 of us who do it ‚Äì there‚Äôs only 20 F1 drivers. You kind of just respect everyone‚Äôs journey. Like the incident ‚Äì if I hold myself accountable, I feel like I want to just apologise. It‚Äôs nothing personal. I don‚Äôt think everyone would do it, but for me, I just felt better by doing it. So we kind of just clean the slate for the next one and I know that when we come alongside each other on track  next, there‚Äôs no intensity. There‚Äôll be an intensity, but nothing heightened, I guess.
McLaren ‚Äòknow the strengths and weaknesses of our car now‚Äô ‚Äì Seidl
McLaren team principal Andreas Seidl says the team have now established what the main strengths and weaknesses of their car are after the opening four races of the 2022 season.
The team enjoyed their first podium finish of the season in Imola after a tough start to the season in Bahrain that saw them finish outside of the top ten. Seidl says that McLaren now have a ‚Äúclear idea‚Äù of where the MCL36‚Äôs strengths are.
‚ÄúDefinitely we improved our understanding of the car over the last couple of weekends after we had to play catch up with missing out on all these laps at the test in Bahrain,‚Äù said Seidl. 
‚ÄúI guess we have a clear idea on the strengths and weaknesses of our car. I have a clear idea of what we have to address in order to bring more performance to the car. We have a clear plan in place of how we‚Äôre going to do at. We have to manage a lot of parameters, like cost cap as well, reduced wind tunnel time, etc, etc, but I‚Äôm very happy with what I‚Äôm seeing the team is doing and how the team is attacking that challenge.‚Äù
Drive to Survive style TV show would be ‚Äúamazing‚Äù for IndyCar ‚Äì Palou
McLaren SP driver Alex Palou believes that a Drive to Survive style documentary series would help to promote the popularity of IndyCar.
The success of the Netflix-produced show has been credited with the growth of Formula 1‚Äôs popularity in recent years. Palou thinks it would be ‚Äúamazing‚Äù to have an equivalent show for IndyCar
‚ÄúI think everybody saw what the Drive to Survive did to the series, and especially to the drivers and people working there,‚Äù said Palou.
‚ÄúThey told a story that maybe for really every motorsports enthusiastic kind of person that are following every session that you know that it‚Äôs a bit too dramatic, but it works for normal people and new fans, which that‚Äôs what they want and that‚Äôs what we want, as well. So yeah, absolutely. I think it would be amazing to have something close to that.‚Äù
McLaren ‚Äúinvestigating‚Äù Hamilton abuse comments on Twitter
McLaren says it is ‚Äúinvestigating‚Äù abusive comments about Lewis Hamilton allegedly made by an employee of the company on Twitter. ‚ÄúWe consider these comments to be completely at odds with our values and culture at McLaren. We take the matter extremely seriously and are investigating it as a priority,‚Äù it said in a statement.

Advert | Become a RaceFans supporter and go ad-free





Social media
Notable posts from Twitter, Instagram and more:

Robin Frijns is asked for his thoughts on Gen3
after a substantial pause he says ""interesting""
‚Äî Hazel Southwell (@HSouthwellFE) April 29, 2022


WOAH‚Ä¶ an @IndyAChallenge #autonomousracecar equipped w/ @CiscoIoT technology set a new land speed world record of 192.2 MPH at @NASAKennedy!
You can see the car for yourself at @CiscoLive this year! 
Learn more about the world record: https://t.co/SfH9mQDKTa #IoT #CiscoLive pic.twitter.com/VyqeUQBdfs
‚Äî Amanda Healy (@Amanda_Healy) April 28, 2022


Find more official F1 accounts to follow in the F1 Twitter Directory



Links
Motor racing links of interest:
Possible explosion at Hard Rock Stadium injures two people, authorities say (Miami Herald)""A critically injured person was flown by helicopter to a hospital after being hurt in a possible explosion at Hard Rock Stadium in Miami Gardens, according to Miami-Dade Fire Rescue. Another person was taken to the hospital by ambulance.""
Revealed: the 186 drivers set to compete in the 2022 24 Hours of Le Mans (24 Hours Le Mans)""The list includes six women‚Äâ‚Äì‚ÄâLilou Wadoux, Sophia Floersch, Rahel Frey, Michelle Gatling, Sarah Bovy and Katherine Legge‚Äâ‚Äì‚Äâeight-time world rally champion S√©bastien Ogier, famous actor Michael Fassbender, several former Le Mans 24 Hours winners, including S√©bastien Buemi, Brendon Hartley, Romain Dumas, Nick Tandy, and ex-Formula One drivers Giancarlo Fisichella, Esteban Gutierrez, Robert Kubica and S√©bastien Bourdais.""
There‚Äôs no stopping Toto Wolff, the F1 CEO with an unwavering will to win (LinkedIn)""I'm running people that run race cars and our sport is very intense. We're racing 23 times a year on the weekends. I think that attracts a certain species of people, very competitive and ambitious, highly educated. And so my job is actually to provide these people a framework where they can operate the best ‚Äî and I enjoy it.""
Catherine Bond Muir Is Ready To Ride The W Series Wave Into America (Jalopnik)""I think unquestionably America is going to be at some point in the future our largest audience. There‚Äôs so much interest. I think America is very, very good at supporting women‚Äôs sport.""
Sebastian joins 'Keep the Bees Humming' project to promote biodiversity (Aston Martin)""Taking responsibility for the future doesn't mean you have to sacrifice your quality of life ‚Äì it's about finding sustainable ways to have fun. That way, you can enjoy life with a clear conscience and protect the environment at the same time.""
Alfa Romeo angrily accuses rival F1 teams of ‚Äòplaying games‚Äô over big issue hampering speed (Metro)""Honestly, I don‚Äôt understand all the comments (about raising the weight limit again) because that I think it‚Äôs the target for everybody that when you are designing a racing car the weight is always the target number one.""
Fittipaldi‚Äôs Guest Column: I was happy to show our real pace (Formula 2)"" It was simply amazing! We were able to show our pace on track. We were fast all weekend, so I was very happy to show our real pace on Sunday, with great overtakes along the way.""
The gang of self-titled pirates saving single-seater hopefuls‚Äô careers (Formula Scout)So many of Oregon‚Äôs single-seater refugees, most of whom are now hot property with a roof over their head, have spoken so glowingly of the team that it only made sense to find out what the fuss was about. And it certainly wasn‚Äôt what we expected.
We always endeavour to credit original sources. If you have a tip for a link relating to single-seater motorsport to feature in the next RaceFans round-up please send it in via the contact form.

Advert | Become a RaceFans supporter and go ad-free





Comment of the day
After Pierre Gasly exclusively told RaceFans that he feels he deserves to be racing alongside the likes of Max Verstappen, Charles Leclerc and Lando Norris, @geemac says it‚Äôs never a case of drivers getting opportunities because they deserve them‚Ä¶ 
Gasly is a top quality Grand Prix driver and my respect for him went through the roof when I read his great article in the Player‚Äôs Tribune. He is still in F1 and has a decent car at his disposal. He is a Grand Prix winner. Even if his career ended tomorrow he would go down as a far better driver than the overwhelming majority of those who have started a world championship Grand Prix. But he does not ‚Äúdeserve‚Äù anything. He needs to continue to claw away and fight for everything he can get. If the cards fall his way, he has everything he needs to grab any opportunity with both hands.
@geemac


Happy birthday!
Happy birthday to Ccolanto, Mike Weilding, Oliver and Jake Kilshaw!

On this day in motorsport
Valtteri Bottas, Mercedes, Sochi, Russia, 2017

5 years ago today Valtteri Bottas scored his first Formula 1 victory in the Russian Grand Prix


April on RaceFans
A selection of RaceFans‚Äôs top reads from last month which you might have missed:
‚ÄòI belong with Verstappen, Leclerc, Russell and Norris‚Äô ‚Äì Pierre Gasly exclusive interviewVerstappen takes maximum advantage as Leclerc makes first major error of title fight‚ÄúHe died and we didn‚Äôt even know‚Äù: How one fan witnessed the 1994 San Marino GPLeclerc emulates Schumacher with Melbourne grand slam as Verstappen lucks out again
Newsletter
Get the best of our motorsport coverage after every F1 race in your inbox ‚Äì sign up for the free RaceFans email Newsletter:


First name

Last name
Email

¬†I accept the privacy rules of this site",2022-04-30 00:01:00+01:00,2022-04-30 00:00:08+01:00
https://www.racefans.net/wp-content/uploads/2022/03/racefansdotnet-2022-03-21_183247-208x138.jpg,https://www.racefans.net/2022/04/29/f1-to-trial-new-mandatory-qualifying-tyre-compound-rule-in-2023/,2023 F1 season ,Will Wood,https://www.racefans.net/author/willwood/,52,Formula 1 drivers will be required by the rules to use hard and medium tyres at certain times during some qualifying sessions in 2023.,"Formula 1 drivers will be required to use specific tyre compounds during different stages of qualifying in a trial of a new format next year.

Advert | Become a Supporter & go ad-free




The change to next year‚Äôs rules is detailed in updated sporting regulations for the current season issued by the FIA.
The F1 Commission agreed earlier this week to trial a reduction in the total number of tyre sets permitted for a race weekend from 13 to 11. This will take place at two races next year where a ‚ÄòRevised Qualifying Format‚Äô is to be used.
Drivers will receive half as many soft compound tyres for these events as usual ‚Äì four instead of eight. The allocations of medium and hard tyres will increase by one each, to four and three respectively. In a further change, drivers will be required to use one of each of these compounds during the regular, three-stage qualifying session.
Each driver will only be permitted to run on the hardest compound of dry tyres in Q1. The medium compound will be mandatory in Q2 and those who reach Q3 may only use the soft tyres.
In a statement released after the F1 Commission meeting on Tuesday, the FIA noted that a test run of reduced tyre compounds at two race weekends in the 2023 season would be carried out ‚Äúto evaluate the impact of the reduction in tyre allocation on track-running, with the overall intention to move to more sustainable use of tyres in the future.‚Äù
Rules changes approved for this year include scrapping the maximum number of tyre testing days of 30 permitted in the season, as well as clarifications over the use of so-called ‚Äòmule cars‚Äô and what the FIA will recognise as ‚Äògenuine car damage‚Äô sustained in incidents for rules purposes.
The Commission also discussed expanding the number of sprint races to six next year, but the FIA is yet to grant its approval for the change. The first edition of the 2023 F1 sporting regulations has yet to be published.
Revised 2023 F1 driver tyre allocations



Tyre
Revised Qualifying Format
Qualifying
Sprint Race




Soft
4
8
6


Medium
4
3
4


Hard
3
2
2


Total
11
13
12



2023 F1 season
Plan for six sprint races in 2023 wins teams‚Äô backing but awaits FIA approvalF1 targeting ‚Äúmuch better price‚Äù from new US TV deal in 2023New Las Vegas Grand Prix could push F1 beyond 23 races in 2023Saturday 10pm start is ‚Äòperfect time slot‚Äô for Las Vegas Grand Prix ‚Äì Domenicali342kph along the Strip: First look at F1‚Äôs new Las Vegas street circuitBrowse all 2023 F1 season articles",2022-04-29 18:55:22+01:00,2022-04-29 19:01:03+01:00
https://www.racefans.net/wp-content/uploads/2022/04/Exclusive-interview-gaslt-208x117.jpg,https://www.racefans.net/2022/04/29/i-belong-with-verstappen-leclerc-russell-and-norris-pierre-gasly-exclusive-interview/,2022 F1 season ,Claire Cottingham,https://www.racefans.net/author/clairecottingham/,49,"Speaking exclusively to RaceFans, Pierre Gasly explains how he‚Äôs determined to earn a second shot in a Red Bull.","Pierre Gasly pauses as he tried to recall exactly how many seasons he‚Äôs raced in Formula 1.

Advert | Become a Supporter & go ad-free




Sitting in the AlphaTauri hospitality suite in a bustling Imola paddock, the one-time grand prix winner has to take a moment to work out that he‚Äôs now in the midst of his fifth full F1 campaign ‚Äì and fourth with the Faenza-based team.
Contracted until the end of the 2023 season, Gasly is on course to beat Daniil Kvyat‚Äôs record of most race starts with the Red Bull junior squad, formerly known as Toro Rosso.
But as the news Carlos Sainz Jnr (another product of Red Bull‚Äôs young driver programme) has signed a contract extension with Ferrari breaks shortly before RaceFans‚Äô exclusive interview with Gasly begins, talk inevitably turns to his own future.
‚ÄúSo this is my fifth year in Formula 1,‚Äù Gasly says, after taking a second to count the years since his late-2017 debut.
Red Bull brought Gasly into F1 in 2017‚ÄúI am doing all that because I want to fight at the front. It‚Äôs why I‚Äôm waking up every day, why I‚Äôm training every single day. Why I‚Äôm looking after my nutrition, my sleep, my recovery. Every single detail is because I want to fight with the best drivers at the top.‚Äù
The last 12 months have been lucrative for Formula 1‚Äôs golden generation of exceptionally talented under-25s. Max Verstappen capped off a world championship title by signing a monster six-year extension, Lando Norris committed his future to McLaren at the start of the season and George Russell‚Äôs Mercedes dream has finally manifested after three seasons spent toiling away at the back of the grid.
As happy for his peers as Gasly has been, the 26-year-old admits he feels he deserves to be mixing it with that formidable company out on the track every race weekend.
Advert | Become a RaceFans supporter and go ad-free




‚ÄúI see Charles in a Ferrari, I see Max in the Red Bull, George in the Mercedes, Lando in the McLaren ‚Äì I‚Äôve been fighting with these guys all my career,‚Äù Gasly says. ‚ÄúI know that‚Äôs where I belong and I want to get my chance to be in this position as well.‚Äù
However this isn‚Äôt an unfamiliar position for Gasly ‚Äì quite the opposite. Back in 2019, the then 22-year-old was handed the opportunity of a lifetime to move into the Red Bull senior team alongside Verstappen as Daniel Ricciardo‚Äôs Red Bull replacement. But half a season later, a points deficit of 118 to the future world champion led to his brutal demotion back to Italy, where he has remained ever since.
Gasly has visited the scene of Hubert‚Äôs fatal crash every year sinceWhat followed were the three most rewarding, yet challenging, seasons in his racing career. From the highs of his Monza win and his unexpected podiums to the crushing disappointment of losing one of the best seats in motorsport and the more devastating loss of his good friend Anthoine Hubert, Gasly has been admirably honest about his emotions over the last few years.
One year ago Gasly wrote a one-off piece offering a refreshingly frank insight into the emotional toll and pressure of being a modern Formula 1 driver, especially when grieving. Gasly says that he is not one to shy away from expressing his emotions.
‚ÄúI‚Äôm someone who is very honest. I have nothing to hide,‚Äù Gasly says. ‚ÄúI think it‚Äôs fine that things should be spoken out, sometimes.
‚ÄúThere are things which have to stay confidential ‚Äì especially as a professional, I‚Äôve never released confidential details ‚Äì but I was in a moment where there was obviously the loss of Anthoine which was really heavy to go through and to process. The change of team at the same time. There were a lot of things which were said which were not true or not with the right information.
‚ÄúFor me, I just felt ‚Äòokay, this is also me. This is Pierre Gasly, this is how I am, this is how I feel‚Äô. We‚Äôre all human. We can be athletes ‚Äì we are seen as athletes ‚Äì but at the end, there is a human behind every driver. There is hurt. Emotions. Mentality. It just felt for me that it was important to kind of move on from this negative spiral which I had for these first six months. It was just something important to myself. And obviously by far the most challenging time I‚Äôve ever had to face as a driver.‚Äù
Advert | Become a RaceFans supporter and go ad-free




Rather than wilt, Gasly met disappointment with determination. Facing all his F1 dreams disappearing in front of him, Gasly kept his chin up and got his head down.
‚ÄúGrowing up, I always believed in hard work and discipline and believing in that process ‚Äì that as long as you keep doing the right things, the right outcome will happen at the end,‚Äù he explains.
A brief stint alongside Verstappen did not end well‚ÄúAnd that‚Äôs the mentality I went through all these years. I mean, at this stage of my career, these are the cards that I have in my hand. How do I play best with what I have in my hand? Whether it‚Äôs the best cards or not, doesn‚Äôt matter. This is my game and I got to make it work with these cards.
‚ÄúAt the end of the day, work doesn‚Äôt lie. Here, we all talented. Everyone that is in this paddock is special. All brilliant drivers. Some a bit more exceptional than others, but at the end of the day, we all are super talented. And to make the difference, you‚Äôve got to work on the small details that will bring you the X-factor compared to others.‚Äù
Still very much a part of the Red Bull ecosystem, Gasly has only strengthened his case for a second shot at the factory seat now occupied by Sergio Perez since returning to AlphaTauri ‚Äì especially after claiming a stunning victory in Monza in 2020 and his regular top five qualifying results in 2021. Although he admits his admiration for the job Perez has been doing at Red Bull in 2022, Gasly says his sights are still set on reclaiming what was once his.
‚ÄúI feel ready,‚Äù he says. ‚ÄúI felt like I‚Äôve shown my potential. I‚Äôve shown that I‚Äôm able to deliver once I get the tools that I need in my hands to do it.
‚ÄúBut then after, I also understand them. It‚Äôs their decision ‚Äì I‚Äôm fine with that. I think what‚Äôs important is that, at the end of the day, when you work with a team ‚Äì a team works with a driver or a driver works with a team ‚Äì there needs to be that common will and desire to do it together. Whatever it takes. There needs to be the will to do things together, to have the same target in mind.‚Äù
While he offers no excuses for the performance gap between himself and Verstappen over those early months of 2019, Gasly believes his abilities are so far beyond those he possessed three years ago that he is practically a different driver.
Monza 2020 is a career high Gasly is keen to repeat‚ÄúThe driver I am today is way better than the driver I was after one year,‚Äù he insists. ‚ÄúIf they saw at the time I was the right fit for the team after such a short time, then now there are even more reasons to think I‚Äôm prepared to get that seat.‚Äù
Watching drivers younger than him secure long contracts that should keep them at the front of the field contending for podiums, wins and even championships, it would be easy for Gasly to become frustrated or even disillusioned with Red Bull. However, he says he values still being a part of Red Bull‚Äôs programme and will wait for his opportunity, even while he sits on the cusp of a fifth full season with AlphaTauri in 2023.
‚ÄúI think I‚Äôve always said, at the moment, my priority is to discuss with [Red Bull] and they will always have the priority over others,‚Äù he says. ‚ÄúBecause I‚Äôm very grateful for everything they‚Äôve done in my career and that I‚Äôm aware that I‚Äôd never be here without the support of Helmut and Red Bull over these past years.
‚ÄúI‚Äôve told [Helmut] last time that actually this is the longest relationship I‚Äôve ever had in my life, you know? Nine years with Red Bull. It‚Äôs been eight-and-a-half years of success, fighting for all the best positions, having a very, very successful ride together. There were the six months that didn‚Äôt work out for the reasons that we know.‚Äù
Compared to the consistent high performance Gasly and his team enjoyed last season, 2022 has not started quite as successfully as either he or the factory would have wanted. At the time of our chat Gasly lies 12th in the championship. Although he echoes the thoughts of many of his fellow drivers that the new technical regulations for 2022 have achieved their goal of improving racing, Gasly says he‚Äôs not entirely satisfied with the impact the new rules have had so far.
Gasly hoped midfield would be more competitive this year‚ÄúFrom a racing point of view, I must say it‚Äôs been more fun,‚Äù he explains. ‚ÄúI think we did achieve some of the targets which were made with the regulation changes. Is it as good as we would have liked? As long as it‚Äôs better, for me, I‚Äôm not going to complain. It has had a positive impact on the racing, which is most important. More overtaking, being able to follow more closely.
‚ÄúThe only thing is, I wished that the whole field was closer than it is. I was really hoping, ‚Äòokay, we can see more midfield cars getting closer to the podium positions‚Äô. And in the end, last year I had more chances to be in the top five than I have this season. So on that side, it was the only little setback, seeing at the start of the year that Ferrari is on a league of their own, Red Bull sort of managed to get there as well. And then after, there is not like a small gap ‚Äì it‚Äôs like a pretty big world to catch up with these guys. So this is the only downside.
‚ÄúBut I think it was more like dreaming this is achievable when we know in motorsport, every time you‚Äôve got a regulation change. Mercedes got the best of it the last eight years, now Ferrari seems to get it right and slowly I think we‚Äôre going to catch up, but it‚Äôs probably going to take time.‚Äù
With his place at AlphaTauri and in Formula 1 secured until at least the end of next season, Gasly at least knows he has some time ahead to try and help build his team back up to the level of performance they enjoyed last year. But he is also confident he will get an opportunity to make his case for a return to Milton Keynes at some point in the future.
‚ÄúThis is a conversation we need to have that we didn‚Äôt have yet,‚Äù he says. ‚ÄúRight now, I probably think it might be too early, because it‚Äôs also only 2022 and the focus is on making the best season possible with AlphaTauri.
‚ÄúBut I‚Äôm sure there are going to be conversations and see what‚Äôs good. I know they are happy with the way it works for them at the moment and that also works for me. Checo is doing very good there, so it makes sense. But then, at the end of the day, I also need to look at my own career and what‚Äôs best for me, what will give me the most chances to achieve my personal goals, which is to be a world champion over the next few years.‚Äù

Become a RaceFans Supporter
RaceFans is run thanks in part to the generous support of its readers. By contributing ¬£1 per month or ¬£12 per year (or the same in whichever currency you use) you can help cover the costs of creating, hosting and developing RaceFans today and in the future.
Become an RaceFans Supporter today and browse the site ad-free. Sgn up or find out more via the links below:

Become a RaceFans Supporter
RaceFans Supporter FAQ

2022 F1 season
Lack of passing at Imola shows why Ricciardo is ‚Äústill a DRS person‚Äù2022 Miami Grand Prix TV TimesShould Formula 1 adopt IndyCar‚Äôs deleted lap times rule for causing red flags in qualifying?F1 to trial new mandatory qualifying tyre compound rule in 2023No satisfaction in McLaren being quickest Mercedes-powered team at Imola ‚Äì SeidlBrowse all 2022 F1 season articles",2022-04-29 12:00:26+01:00,2022-04-29 12:09:34+01:00
https://www.racefans.net/wp-content/uploads/2022/04/Saturday-at-ImolaXPB_1139298_HiRes-208x138.jpg,https://www.racefans.net/2022/04/29/longer-term-wed-very-much-like-to-phase-out-drs-if-we-can/,2022 F1 season ,Keith Collantine,https://www.racefans.net/author/keithcollantine/,55,Formula 1 may be able to eliminate the Drag Reduction System from future regulations if it can continue the progress it has made in encouraging cars to run together more closely.,"Formula 1 may be able to eliminate the Drag Reduction System from future regulations if it can continue the progress it has made in encouraging cars to run together more closely.

Advert | Become a Supporter & go ad-free




That‚Äôs the view of the FIA‚Äôs head of aerodynamics Jason Somerville. He joined the sport‚Äôs governing body earlier this year, having spent five years at Formula 1 where he developed the new technical rules which were introduced this year.
DRS was introduced to F1 in 2011 to help drivers make overtaking moves. The new rules developed for this season were also designed to address that problem, but Somerville said it became clear during their development that F1 wouldn‚Äôt be able to do away with DRS immediately after their introduction.
‚ÄúDuring the initial research, because we reduced the size of the ‚Äòhole‚Äô that sits behind the car, we reduced the downforce lost [by a following car] but we also reduced the tow,‚Äù he explained in an interview with Peter Windsor. ‚ÄúSo we were a bit mindful that we probably weren‚Äôt going to be able to just park DRS and remove it from the regulations.‚Äù
However he indicated F1‚Äôs reliance on DRS to aid passes could be reduced and eventually removed. ‚ÄúI think DRS, for us, is a very tune-able feature,‚Äù he said. ‚ÄúIt‚Äôs very circuit-dependent and it can be dialled in and out.
‚ÄúI think most of us feel, longer-term, we‚Äôd very much like to try and phase DRS out if we can. But we didn‚Äôt think that was necessarily going to be the right thing to do overnight for these regulations.‚Äù
Formula 1 will introduce its next major revision of the technical regulations in four years‚Äô time. ‚ÄúFor the 2026 car, we‚Äôre looking at different solutions,‚Äù said Somerville. ‚ÄúAnd it may be that DRS doesn‚Äôt have to have such an important role in the concept of those cars.‚Äù
Advert | Become a RaceFans supporter and go ad-free




During and after the last race at Imola, several drivers claimed DRS should have been activated earlier than it was to aid overtaking. However Somerville pointed out passes were made without DRS before then and few were afterwards.
‚ÄúI thought it was quite interesting that because we had this drying track, we had almost half the racing with no DRS. And I think it was interesting to see that there were a few overtakes that happened before the DRS got switched on but then the DRS was cancelling each other out.‚Äù
Somerville believes F1‚Äôs four grands prix so far this year have shown the new rules have helped drivers race more closely. This will inform F1‚Äôs thinking on ‚Äúhow we prioritise DRS at the various events‚Äù in future.
‚ÄúAt the start we couldn‚Äôt be 100% sure that the teams wouldn‚Äôt have undone half of the work that we‚Äôd spent the last four years doing,‚Äù he said. ‚ÄúNow it looks like we‚Äôve managed to keep a lot of it so that has meant the teams can visibly run a lot closer through the corners and onto the next straight.
‚ÄúSo we do get something that we haven‚Äôt seen for a while, actually, an overtake happens but you look over your shoulder and he‚Äôs still there and he comes back at you. That‚Äôs something that has been quite refreshing for the first few races at various points and it‚Äôs not purely been DRS. There‚Äôs been DRS ‚Äòcat and mouse‚Äô but I think we‚Äôve been quite pleased that the downforce retention is there.
‚ÄúWe just need to be careful that we don‚Äôt ignore the fact that naturally means the tow is a bit smaller. So you kind of need the tow effect, the big hole in the air behind you, to give you a little bit of a boost if you haven‚Äôt got DRS.‚Äù
Advert | Become a RaceFans supporter and go ad-free




2022 F1 season
Lack of passing at Imola shows why Ricciardo is ‚Äústill a DRS person‚Äù2022 Miami Grand Prix TV TimesShould Formula 1 adopt IndyCar‚Äôs deleted lap times rule for causing red flags in qualifying?F1 to trial new mandatory qualifying tyre compound rule in 2023No satisfaction in McLaren being quickest Mercedes-powered team at Imola ‚Äì SeidlBrowse all 2022 F1 season articles",2022-04-29 07:17:02+01:00,2022-04-28 23:48:27+01:00
https://www.racefans.net/wp-content/uploads/2022/04/racefansdotnet-21-04-22-11-04-28-2-208x138.jpg,https://www.racefans.net/2022/04/29/racefans-round-up-29-04-5/,RaceFans Round-up ,Will Wood,https://www.racefans.net/author/willwood/,53,"In the round-up: Hamilton‚Äôs 2021 fightback shows he can rebound after Imola low ‚Äì Wolff ‚Ä¢ Formula E has ‚Äòcorrect ingredients‚Äô for Jaguar ‚Ä¢ Andretti, Fittipaldi and Montoya are Miami GP ambassadors","In the round-up: Mercedes team principal Toto Wolff says the adversity Lewis Hamilton has faced in the past shows he can recover following his tough race in Imola.
Show which drivers and teams you are supporting
Which F1 drivers and teams are you supporting this season? Here's how you can show your support for your favourite on the grid on RaceFans:
Log in with your RaceFans account (sign up here if you don't have one)
Select Edit My Profile from the top-right menu
Select F1 Teams and Drivers
Make your selections then click Save Changes

In brief
‚ÄúReal star‚Äù Hamilton will fight back ‚Äì Wolff

Advert | Become a Supporter & go ad-free




After Hamilton struggled to a point-less 13th in Imola, Wolff said: ‚ÄúIt‚Äôs not his low, I think it‚Äôs the low of the car performance.‚Äù
He is certain Hamilton, who narrowly missed out on winning a record eighth world championship last year, will be back in competitive shape once the team makes some progress with his car.
‚ÄúWe know that he‚Äôs a seven-time world champion,‚Äù said Wolff. ‚ÄúHe caught up last year, him and us at the team, we caught it up and fought for the championship [after] it was lost actually Saturday of Brazil. So the guy is the best driver in the world and he‚Äôs just not having a machine and equipment underneath him and to be able to execute.‚Äù
Wolff said other great drivers in F1 history have recovered from difficult spells. ‚ÄúThe real stars, they have recovered. There is none out of the really great ones that come into my mind that didn‚Äôt have certain moments in their careers where things didn‚Äôt run properly. And that is the case now with him since a long time. 
‚ÄúHe‚Äôs going to help the team to sort itself out and we are sticking together through good and bad times.‚Äù
Gen3 car justifies why Jaguar joined Formula E ‚Äì Barclay
Jaguar Formula E team principal James Barclay says that the newly unveiled Gen3 car has the ‚Äòcorrect ingredients‚Äô for the future of the electric series.
Being introduced from the 2023 season, the new Gen3 car is lighter and more powerful than the current-spec of Formula E car. Barclay says that the new model has the ‚Äòcorrect ingredients‚Äô for the future.
‚ÄúAt the heart of it, what justifies why we came into this sport, what continues to justify why we wanted to commit to the future, is the core ingredients are absolutely correct for the future,‚Äù said Barclay.
‚ÄúThe fact is we‚Äôre the pinnacle of all-electric racing. And there‚Äôll be other categories come the future, but Formula E is the pinnacle of electric racing. That is really kind of fundamental to the heart of it, because Jaguar as a brand from 2025, becomes all-electric model luxury brand.‚Äù
Quotes: Hazel Southwell
Andretti, Fittipaldi, Montoya named Miami Grand Prix ‚Äòambassadors‚Äô
Three former grand prix winners from North and South America have been named as ambassadors for the inaugural Miami Grand Prix next weekend.
Mario Andretti, Emerson Fittipaldi and Juan Pablo Montoya will be ambassadors for the event, held around the Miami International Autodrome, circling the Hard Rock Stadium home of the Miami Dolphins NFL team.
‚ÄúHaving lived in this part of the world for a long time, I‚Äôm very excited that we will be able to showcase all that Miami and South Florida has to offer,‚Äù said Montoya.
‚ÄúIt‚Äôs an attractive place, so equally for Formula 1 to come here and bring the glamour, technology and exciting racing will mean the Miami Grand Prix will be a truly unforgettable experience.‚Äù

Advert | Become a RaceFans supporter and go ad-free





Social media
Notable posts from Twitter, Instagram and more:

Both technologically and environmentally, Gen3 sets new standards in the sport. The @FIA and @FIAFormulaE development teams have done a superb job, and I thank them for their hard work on this project.#ABBFormulaE #MonacoEPrix https://t.co/oLnCisnwXI
‚Äî Mohammed Ben Sulayem (@Ben_Sulayem) April 28, 2022


üòÖ pic.twitter.com/TdFd2EcgAK
‚Äî Haas F1 Team (@HaasF1Team) April 28, 2022


All eyes on Miami. üèùüëÄ Preparations with @LandoNorris in the simulator. pic.twitter.com/Zu359E72zJ
‚Äî McLaren (@McLarenF1) April 28, 2022


Find more official F1 accounts to follow in the F1 Twitter Directory



Links
Motor racing links of interest:
F1's radical new 2026 car: active aero, smaller cars and auto crash prevention (Motor Sport)Pat Symonds: ""So it‚Äôs all about active aero ‚Äì having two modes to the car effectively. So rather different to DRS, there‚Äôs a mode where the car has high downforce and consequently high drag when it‚Äôs in the corner, and a mode where it has low drag when it‚Äôs on the straight and consequently low downforce.""
New AMSP deal with O‚ÄôWard ‚Äòimminent‚Äô - Brown (RACER)""We‚Äôre in great shape with Pato. We have a good understanding; we want to race together for a long time. And so while there‚Äôs no pen on paper yet, we have a mutual understanding. It‚Äôs fairly imminent ‚Äî weeks, not months, that we‚Äôll have a new relationship in place. I‚Äôm quite excited about it.""
David Beckham, Gordon Ramsay and Lewis Hamilton invited to shoot Stormzy‚Äôs comeback music video (The Sun)""Stormzy is pulling out all the stops with his new project and he has called everyone he knows to get involved. He has approached Emilia Clarke, Lewis Hamilton, Louis Theroux And Jonathan Ross as well as David Beckham and Gordon Ramsay.""
SF Full Access - 2022 Emilia-Romagna GP | A Tough Weekend on Home Soil (Ferrari via YouTube)""We leave Imola after the Made in Italy e dell‚ÄôEmilia-Romagna Grand Prix with a sense of what might have been. The team only picked up 20 points at the Enzo e Dino Ferrari circuit: 12 in the sprint and eight in the grand prix courtesy of a sixth place for Charles Leclerc.""

Hamilton and Rossi swap seats (Sky F1 via YouTube)""Formula One's Lewis Hamilton and Moto GP's Valentino Rossi swap seats for the day!""

We Sent A Formula 1 Car To Space (Live Fast)""To congratulate Lando Norris for his third place at the Imola grand prix, we sent him and his McLaren Formula 1 car to space! But after the balloon pops and parachutes back to earth, will we be able to find it?""

We always endeavour to credit original sources. If you have a tip for a link relating to single-seater motorsport to feature in the next RaceFans round-up please send it in via the contact form.

Advert | Become a RaceFans supporter and go ad-free





Comment of the day
After Carlos Sainz Jnr‚Äôs frustrating start to the season, reader Gusmaia thinks that the newly re-signed Ferrari driver is about to enter a critical phase of his tenure with the team‚Ä¶
In fact, Sainz does not need confidence. He needs a load of points and even some wins from here to Monaco. Otherwise, Ferrari will be totally justified to concentrate on Leclerc. The team really likes to push for a #1 driver. If only one driver has the luck/talent to win and to beat Redbull, then Sainz will have to accept a #2 role. Plus, is 2023 starts with Leclerc World Champion, the rest of his Carlos contract wil be like that.
Gusmaia


Happy birthday!
Happy birthday to Alvino!

On this day in motorsport

On this day in 1967 Mike Parkes won the non-championship BRDC International Trophy driving a Ferrari 312.",2022-04-29 00:01:00+01:00,2022-04-29 09:33:21+01:00
